episode,ep_reward,avg_loss,avg_q,epsilon,n_transitions,global_abm_step,buffer_size,wall_time_s
1,-1383.4787528368283,0.01828196676267283,-0.8026669776562365,0.99658475,5670,719,5670,11.6
2,-1439.9013198254265,0.011285144472255072,-1.0589975435416046,0.9931695,5907,1438,11577,51.9
3,-1383.9174469643597,0.008561325372702025,-1.0554210368041874,0.98975425,5640,2157,17217,89.9
4,-1435.443531320013,0.008136473847472122,-1.12481456767795,0.9863485,5863,2874,23080,130.1
5,-1360.7638493508985,0.00721749035313848,-1.2233646744034616,0.982938,5593,3592,28673,168.9
6,-1367.4938851927027,0.006908998801664445,-1.28482237395692,0.97952275,5671,4311,34344,210.2
7,-1398.7632625010729,0.006222046261308691,-1.295754794288146,0.9761075,5905,5030,40249,250.2
8,-1448.5041686426146,0.006670040509864556,-1.345650880588834,0.97269225,5675,5749,45924,289.5
9,-1377.6545309340017,0.006939342209294486,-1.397389211952107,0.9692769999999999,5659,6468,51583,328.1
10,-1391.1178493179075,0.006576673728262439,-1.4434564636362495,0.96586175,5627,7187,57210,366.8,-1360.4273859629827,35.244922086792315,0.4049684008198584,7.671173043451162,0.2895957658582856
11,-1341.4388860217741,0.006742667234361419,-1.426573338245467,0.96245125,5536,7905,62746,440.9
12,-1372.102373599685,0.006847764445700601,-1.5066658195254075,0.9590455,5745,8622,68491,480.9
13,-1443.8634467167685,0.0068439611481009915,-1.551732647797965,0.955635,5882,9340,74373,521.0
14,-1483.7114609202836,0.006968856286316379,-1.6215209328128235,0.95222925,5853,10057,80226,559.9
15,-1455.8235949905934,0.0074638056922336675,-1.6385847799836961,0.948814,5781,10776,86007,599.6
16,-1417.348929548499,0.007618728816078848,-1.6911081428065777,0.94539875,5903,11495,91910,640.7
17,-1270.1232183550453,0.007497463783382305,-1.6928192277976444,0.94198825,5250,12213,97160,677.5
18,-1388.1841157162307,0.007581780702747344,-1.704071620621891,0.938573,5588,12932,100000,718.1
19,-1409.3477522034452,0.0076265188301922445,-1.7135427434464117,0.93515775,5691,13651,100000,757.8
20,-1385.6645284342378,0.007872211910885987,-1.7807883317550206,0.9317425,5657,14370,100000,797.0,-1276.5656276816803,45.91558327122218,0.40562784477921376,7.46593255872151,0.27653426633484945
21,-1368.3753437113157,0.0077439419243700265,-1.8016425333175052,0.928332,5773,15088,100000,872.1
22,-1393.5835892349398,0.00769778020971328,-1.7961361932863902,0.92492625,5667,15805,100000,911.8
23,-1365.5466369430076,0.0077251562780559875,-1.9125621627354759,0.921511,5598,16524,100000,952.1
24,-1372.1087455951192,0.0077727400447208045,-1.9028454388365719,0.91809575,5739,17243,100000,993.4
25,-1446.3691544818498,0.008084207147261813,-1.891617255995148,0.9146805,5700,17962,100000,1037.3
26,-1443.2797969854685,0.008077376460759128,-1.9373291616406987,0.91126525,5900,18681,100000,1083.0
27,-1466.7898344894832,0.007868594213873013,-2.0149247239643056,0.90785,6094,19400,100000,1129.7
28,-1340.253628872716,0.007453845904275656,-1.9936904354971283,0.9044442500000001,5635,20117,100000,1174.2
29,-1447.4374583291965,0.007624916436385885,-2.004799564609959,0.90103375,5860,20835,100000,1220.2
30,-1308.6116745689487,0.007694155311671226,-2.123440659688488,0.8976185,5475,21554,100000,1261.1,-1329.1806588832133,65.34169975207607,0.4158398715644558,7.504712372302629,0.28447863632912707
31,-1445.0369615629932,0.007717319452934041,-2.057990695592646,0.89420325,5854,22273,100000,1339.6
32,-1427.2182579081102,0.007383279540880631,-2.11379850598482,0.890788,5889,22992,100000,1381.1
33,-1431.3633037393115,0.007581641752413842,-2.081789927202701,0.88737275,5839,23711,100000,1423.9
34,-1444.1668441287943,0.00758207373138519,-2.063340301429673,0.883967,5847,24428,100000,1465.7
35,-1419.0111225403323,0.007298309266524244,-2.13874235273864,0.88055175,5893,25147,100000,1507.4
36,-1377.23985338484,0.00736181330392377,-2.21142582520687,0.8771365,5748,25866,100000,1550.2
37,-1407.4234649472996,0.007389333848911451,-2.16180118587282,0.87372125,5724,26585,100000,1590.8
38,-1439.7871891788382,0.007501997472939988,-2.2212464281456135,0.870306,5883,27304,100000,1631.7
39,-1383.3875885492102,0.00732474834556749,-2.2756458105758117,0.8668955,5829,28022,100000,1674.1
40,-1404.653807351293,0.0071357271820686715,-2.2575035067454055,0.8634850000000001,5883,28740,100000,1717.2,-1315.9655606379397,62.10073067054445,0.409619715531648,7.501552924349111,0.27740671483486706
41,-1362.670516460919,0.007439486897278147,-2.2814703888877776,0.86006975,5611,29459,100000,1792.1
42,-1460.2452407592834,0.007452393524386466,-2.177598867751142,0.856664,5776,30176,100000,1833.0
43,-1286.190565357447,0.007446113109747095,-2.3962323057414943,0.85324875,5442,30895,100000,1873.3
44,-1503.1228724211041,0.007566422737542629,-2.212062463144254,0.8498335,5938,31614,100000,1916.4
45,-1406.0143280647246,0.007660065049438143,-2.3264431462157518,0.84641825,5760,32333,100000,1958.0
46,-1382.5418857045631,0.007454081484116774,-2.294353802303593,0.8430030000000001,5801,33052,100000,2001.1
47,-1327.30738140163,0.007597621313859705,-2.353813220503363,0.83958775,5524,33771,100000,2042.4
48,-1460.0961772544285,0.007712589361407402,-2.3047491596608563,0.8361725,5942,34490,100000,2085.6
49,-1365.7752011412217,0.007655441761909072,-2.39708178731918,0.8327715,5741,35206,100000,2127.0
50,-1419.5122238747076,0.007471389630375008,-2.3867678664837495,0.82935625,5917,35925,100000,2171.3,-1362.3150466139268,55.90935974523026,0.41029200772114827,7.501314951654597,0.2955436037848873
51,-1403.3175646098512,0.007312930002145569,-2.4160323696819384,0.825941,5970,36644,100000,2252.4
52,-1354.7853717936994,0.007242459130001812,-2.3774028887619845,0.8225305,5624,37362,100000,2292.9
53,-1431.6890694411572,0.007161890151824893,-2.432770294288587,0.8191152500000001,6039,38081,100000,2338.4
54,-1341.6297558255415,0.007143894086018842,-2.3432538685104407,0.8157,5615,38800,100000,2379.3
55,-1360.905357419423,0.007220807239286234,-2.508249670667976,0.8122895,5836,39518,100000,2422.0
56,-1347.5789731349844,0.007114257517817408,-2.351304518327286,0.80887425,5559,40237,100000,2464.6
57,-1315.1898328032587,0.007001902962134491,-2.418773348577171,0.80546375,5527,40955,100000,2506.5
58,-1275.8770977164977,0.007098656918103621,-2.469075170511937,0.8020484999999999,5308,41674,100000,2548.5
59,-1402.2546457941912,0.0072425961438288815,-2.4737215233931376,0.79863325,5904,42393,100000,2596.0
60,-1336.9880680553808,0.007080272307977375,-2.477532435222047,0.795218,5662,43112,100000,2641.3,-1303.75468790416,73.93570194598293,0.41167945289859836,7.572024482607857,0.27965535342694803
61,-1445.1219397000032,0.007136410800740123,-2.42532969704251,0.79180275,5854,43831,100000,2721.9
62,-1439.5546583050848,0.0074377740371802704,-2.3432577446790286,0.788397,5974,44548,100000,2773.0
63,-1382.944647821417,0.007542253013511832,-2.4123420818173926,0.78498175,5803,45267,100000,2822.0
64,-1428.385277640645,0.0071548541665309275,-2.4324014878239932,0.7815665,5811,45986,100000,2872.2
65,-1397.0299338172476,0.007342002585025848,-2.3253917284329453,0.7781560000000001,5705,46704,100000,2920.3
66,-1350.738691672193,0.007347638927383628,-2.4782920234498724,0.7747455000000001,5650,47422,100000,2967.9
67,-1384.0491985646274,0.00719255778396831,-2.4380477632955495,0.77133975,5732,48139,100000,3012.6
68,-1404.8949143356585,0.0074429798245599175,-2.4776023835062135,0.76792925,5791,48857,100000,3056.8
69,-1399.8523096432914,0.0074356525644735634,-2.485734157536799,0.764514,5713,49576,100000,3102.0
70,-1385.274035769406,0.007292618587319915,-2.558221365924905,0.76110825,5921,50293,100000,3145.6,-1317.2857748861263,39.284765412259304,0.4060652984652884,7.407504041508386,0.276105118239358
71,-1501.0698097037457,0.007330114987272045,-2.4207896010912697,0.757693,6058,51012,100000,3226.1
72,-1292.9071001497423,0.007553410269405063,-2.5820174805813183,0.7542825,5475,51730,100000,3268.7
73,-1427.0508901869516,0.007675559549238592,-2.53304872496191,0.75086725,5951,52449,100000,3314.1
74,-1414.162107070204,0.007231991818368702,-2.654347076053564,0.74747575,6203,53163,100000,3364.4
75,-1346.1975737415737,0.007590552737051613,-2.535313822370429,0.74406525,5581,53881,100000,3408.0
76,-1370.1436673714034,0.007979493470758216,-2.5789148487773175,0.74065475,5733,54599,100000,3452.7
77,-1397.2606729374995,0.008030090314857245,-2.4234986281347073,0.7372395,5726,55318,100000,3496.0
78,-1444.6994884938222,0.007894224646634068,-2.4602089784809507,0.7338290000000001,5995,56036,100000,3543.3
79,-1511.2692415998436,0.008371749207408893,-2.343316497992139,0.7304137500000001,6039,56755,100000,3591.1
80,-1331.5901350120128,0.008472494051311527,-2.603434834578698,0.7269985,5669,57474,100000,3635.3,-1281.170642407732,15.217665113381582,0.4150068030176405,7.424498360478675,0.2777899692845107
81,-1432.9339449142024,0.008514918374252339,-2.4185013005053513,0.7235975,5819,58190,100000,3713.0
82,-1402.6019407708325,0.008710927723665165,-2.495436353839344,0.72019175,5886,58907,100000,3761.6
83,-1476.6574612492398,0.008849768383286823,-2.4785676696150625,0.7167764999999999,5997,59626,100000,3810.0
84,-1425.1278001615374,0.008752631745365152,-2.484161268612677,0.713366,5824,60344,100000,3857.4
85,-1346.664038109898,0.008536834917314502,-2.552062374105321,0.70995075,5622,61063,100000,3901.7
86,-1402.9776407657366,0.008776134192793583,-2.5428074516326378,0.706545,5787,61780,100000,3945.3
87,-1332.7544924133645,0.008804308243890495,-2.5631028758763,0.70312975,5457,62499,100000,3988.6
88,-1360.021714822287,0.008479065547983245,-2.6419780783860074,0.6997145,5741,63218,100000,4033.0
89,-1333.2387021636887,0.008177734461839226,-2.6228941808989705,0.69629925,5640,63937,100000,4078.6
90,-1369.5206546065785,0.0086443066895935,-2.631832741907072,0.69288875,5687,64655,100000,4124.3,-1326.411505877835,23.374707296042065,0.41146977301585574,7.516853398198011,0.28824261415397867
91,-1390.9048796276556,0.008791929350174978,-2.514873116999188,0.6894735000000001,5767,65374,100000,4203.3
92,-1454.6518709383483,0.008866628094672101,-2.4727735332855687,0.6860630000000001,5930,66092,100000,4251.0
93,-1352.8598333161763,0.009036075882655497,-2.5667261352007817,0.6826572500000001,5565,66809,100000,4296.4
94,-1454.7589286816649,0.008868530500657022,-2.5053605773735836,0.679242,6025,67528,100000,4348.0
95,-1358.9426590009762,0.008908749034970187,-2.548289875308736,0.6758315,5622,68246,100000,4395.7
96,-1342.2993330057943,0.00872006246876194,-2.6430499490139816,0.6724209999999999,5694,68964,100000,4443.9
97,-1394.191045002873,0.009109152209531655,-2.5456279511079103,0.66901525,5797,69681,100000,4492.2
98,-1374.5693066282581,0.008815992113954375,-2.6592043661076468,0.66560475,5896,70399,100000,4540.5
99,-1412.0452828863936,0.008380222386085824,-2.6147325359567812,0.6621895,6004,71118,100000,4588.2
100,-1416.4299590202395,0.008723325642864354,-2.3986371464922582,0.65877425,5619,71837,100000,4634.2,-1313.882841702113,29.908478386602013,0.40772348096701777,7.500728483867351,0.2828639104366418
101,-1318.7474379168461,0.008695800912766937,-2.7048856500717684,0.65536375,5645,72555,100000,4711.8
102,-1425.620580758632,0.008448943060674318,-2.553409138820501,0.6519485,5953,73274,100000,4760.9
103,-1458.421685401622,0.008652401517053744,-2.3719749115362077,0.6485332500000001,5745,73993,100000,4804.2
104,-1336.946885550608,0.008925926021408865,-2.6753296682004644,0.64512275,5771,74711,100000,4847.3
105,-1385.7242809410802,0.00859084050296213,-2.643171154455647,0.64171225,5954,75429,100000,4895.4
106,-1350.5374763158345,0.008408854261744756,-2.638585433069098,0.638297,5762,76148,100000,4942.6
107,-1452.3046523529254,0.008666833088955947,-2.5794645012389754,0.63488175,5993,76867,100000,4991.8
108,-1423.6041211406352,0.008897145252665937,-2.6021120360087195,0.6314665,5873,77586,100000,5039.9
109,-1344.915015470543,0.008840663789809852,-2.706583797155405,0.62805125,5682,78305,100000,5084.1
110,-1372.3899531498805,0.008334712655497213,-2.6326848565771743,0.624636,5879,79024,100000,5130.4,-1315.4460960726024,42.13111970280971,0.40627900837549935,7.495965657031016,0.2829291662297294
111,-1377.8050876516245,0.0086049671539996,-2.692128804950254,0.62122075,5844,79743,100000,5210.9
112,-1295.111589111123,0.008436065205699455,-2.754940990002072,0.6178055,5538,80462,100000,5256.2
113,-1418.9875210550988,0.008282130257457606,-2.552877012823857,0.61439025,5985,81181,100000,5307.9
114,-1446.9092246753921,0.008399865946281414,-2.652673179697864,0.61097975,6054,81899,100000,5360.4
115,-1402.2288508194013,0.008505435657953787,-2.537579629546111,0.6075645000000001,5711,82618,100000,5408.1
116,-1433.5486144463707,0.008692296633515263,-2.553805672784677,0.6041540000000001,5877,83336,100000,5456.7
117,-1317.095421483786,0.00862444528447933,-2.745812024870775,0.6007435000000001,5691,84054,100000,5502.3
118,-1428.4862435026407,0.008813623184847198,-2.5788173577791875,0.597333,5976,84772,100000,5551.7
119,-1351.3140889462738,0.009005065521865648,-2.6684951238998007,0.59391775,5783,85491,100000,5600.1
120,-1364.1901063554403,0.008540930245729923,-2.7238759334612634,0.5905025,5928,86210,100000,5648.6,-1316.6527184000163,65.59486205613248,0.40615703609040976,7.486648978007577,0.28046083608594385
121,-1311.3538422616125,0.008315009988272157,-2.618826055109479,0.58708725,5514,86929,100000,5727.3
122,-1352.0665755465698,0.00876013817545538,-2.7530562303246726,0.583672,5826,87648,100000,5776.0
123,-1336.7249446205155,0.008492019133890994,-2.775378160696171,0.58026625,5730,88365,100000,5819.1
124,-1447.7397422649146,0.00835218603536177,-2.5363610118999147,0.57685575,6015,89083,100000,5858.9
125,-1403.4069967031255,0.008979947211865824,-2.596246471150627,0.5734405,5698,89802,100000,5897.4
126,-1408.2004890770756,0.00910996625005137,-2.5839359379970817,0.57002525,5733,90521,100000,5942.7
127,-1415.8428569399473,0.009045153088678513,-2.5324501468212923,0.5666147500000001,5741,91239,100000,5988.5
128,-1360.0566600902025,0.008679130899921013,-2.7405725235706906,0.5632137500000001,5793,91955,100000,6034.3
129,-1356.2254622561707,0.008921583579189476,-2.7485960972761703,0.5597985000000001,5742,92674,100000,6078.7
130,-1394.3066425428783,0.008780731751728032,-2.687958880960941,0.55638325,5800,93393,100000,6123.8,-1308.7817149583366,48.3187320216339,0.3988805228107942,7.530001819997615,0.2834657094216134
131,-1434.8612321348558,0.008555094581240975,-2.711223643908663,0.55297275,6096,94111,100000,6200.8
132,-1379.8290111898655,0.008931619567842853,-2.7355711632904125,0.5495575,5878,94830,100000,6243.8
133,-1393.2348028029112,0.008921855822397682,-2.6983721479241245,0.54614225,5739,95549,100000,6285.1
134,-1299.500084446857,0.008748295311913476,-2.8878672875638207,0.54273175,5687,96267,100000,6325.6
135,-1389.0158264544784,0.008544845241358177,-2.74976123228431,0.5393165,5756,96986,100000,6368.0
136,-1362.3651595885767,0.009002166700587616,-2.6379174568186756,0.53590125,5633,97705,100000,6409.1
137,-1311.693230138792,0.009191734188895077,-2.8096451509148683,0.532486,5570,98424,100000,6449.1
138,-1386.0493203335825,0.008997332207131505,-2.7501888903390266,0.52907075,5836,99143,100000,6491.0
139,-1349.565791327658,0.0091837382218397,-2.764319198301316,0.5256555,5632,99862,100000,6532.0
140,-1364.8796418514457,0.009243789065172156,-2.8217207606791463,0.52224025,5811,100581,100000,6573.7,-1288.488965263456,21.465831318632713,0.40426163095411793,7.429173481159519,0.2798315141317542
141,-1383.4873124589005,0.009248010522986828,-2.5851449827015696,0.5188250000000001,5652,101300,100000,6648.6
142,-1365.666552433115,0.009241426897902319,-2.7869651779652704,0.5154097500000001,5823,102019,100000,6692.8
143,-1285.604507850708,0.00911113861260738,-2.87147649398337,0.5119992500000001,5493,102737,100000,6732.3
144,-1310.9879087783765,0.008912880972179696,-2.8678550701403447,0.5085887499999999,5640,103455,100000,6774.2
145,-1377.5912870462125,0.008658979198234879,-2.670984966273065,0.5051734999999999,5757,104174,100000,6818.8
146,-1394.6755084798378,0.008948510339640026,-2.8149537600294456,0.50176775,5883,104891,100000,6860.7
147,-1350.1226569659755,0.00907177965176567,-2.810163913036514,0.4983525,5635,105610,100000,6902.0
148,-1304.9534105744845,0.009040820758544621,-2.800073235681344,0.49493725,5516,106329,100000,6942.5
149,-1318.6416356657846,0.00892300410002683,-2.803783095613146,0.49152675,5559,107047,100000,6983.2
150,-1374.3515362217306,0.009463899411996725,-2.7866643108939946,0.48811625000000003,5816,107765,100000,7027.1,-1291.6558454219903,42.2896443717433,0.40592920961013357,7.405132990603795,0.2772804634037017
151,-1354.9460538794815,0.009333200469810872,-2.8679464361487024,0.48470100000000005,5782,108484,100000,7101.8
152,-1339.8570919056938,0.00893608237579913,-2.9007932422701845,0.48129050000000007,5820,109202,100000,7144.2
153,-1303.3511521342466,0.008860230060285594,-2.892934697934779,0.47787525,5582,109921,100000,7188.1
154,-1307.911666944374,0.00919401377974045,-2.861878856361949,0.47446,5577,110640,100000,7230.8
155,-1336.7415186129356,0.009084576761510551,-2.7731555931551024,0.4710495,5570,111358,100000,7275.5
156,-1334.3744117041867,0.008978462303552147,-2.731866064544127,0.46763425000000003,5571,112077,100000,7318.3
157,-1292.9885033295366,0.009557897913829112,-2.860439721769713,0.46421899999999994,5409,112796,100000,7361.4
158,-1333.2129008744316,0.009420900322442088,-2.8901964732409793,0.46080374999999996,5642,113515,100000,7407.5
159,-1342.50738682004,0.00907070824918019,-2.8545007992281386,0.4573885000000001,5710,114234,100000,7449.6
160,-1336.3525370165946,0.009005797075030644,-2.864211415656643,0.453978,5536,114952,100000,7493.1,-1335.514871986457,52.9883192059642,0.40560365731226283,7.485239644313198,0.29578760461157466
161,-1272.7159530155695,0.009386952520392289,-3.0406632879918516,0.4505627500000001,5547,115671,100000,7572.9
162,-1452.123776510287,0.00922664021785657,-2.8115751553629824,0.44714750000000003,6074,116390,100000,7621.8
163,-1316.306578078451,0.008958877709342374,-2.8033815196779037,0.44373225000000005,5625,117109,100000,7666.8
164,-1316.7262111528098,0.009217985821004138,-2.972293901082431,0.44031700000000007,5712,117828,100000,7716.2
165,-1267.3760065491267,0.008799341060864612,-3.0753079834798336,0.4369065000000001,5703,118546,100000,7765.0
166,-1312.6089691112556,0.00875945651535446,-2.8296465571562535,0.43349125,5553,119265,100000,7813.2
167,-1450.515716184766,0.009029457354436674,-2.7141394623601824,0.430076,5958,119984,100000,7864.0
168,-1339.3314470588455,0.009282245736465886,-2.729178511091315,0.426675,5699,120700,100000,7911.5
169,-1411.7111997156046,0.00922871484139449,-2.780788495094836,0.42325974999999993,5950,121419,100000,7963.0
170,-1366.7353267833996,0.008910880230155183,-2.8885032781666755,0.41984450000000006,5913,122138,100000,8015.3,-1345.5827118995976,67.13498925943377,0.40103413711598995,7.5873944278497065,0.29740331771675743
171,-1347.7196509042326,0.009497132127232272,-2.7687782213511603,0.4164292500000001,5680,122857,100000,8093.4
172,-1383.3932110556525,0.009408423187672904,-2.861572268399872,0.413014,5950,123576,100000,8140.7
173,-1328.1103172892858,0.009211517124801864,-2.833247077311569,0.40959875,5592,124295,100000,8182.4
174,-1351.768370309162,0.009014258141482953,-2.8624397323799218,0.40618825000000003,5660,125013,100000,8222.6
175,-1254.5718752525086,0.00897734823390315,-3.0494052619876664,0.40277300000000005,5647,125732,100000,8264.4
176,-1368.7841131750847,0.008752194969825886,-2.914647782960942,0.39935775000000007,5904,126451,100000,8312.0
177,-1242.291530803814,0.008414857367238831,-2.974443003581828,0.3959425,5441,127170,100000,8351.1
178,-1390.638782793336,0.008715824343184013,-2.750998068464033,0.392532,5791,127888,100000,8390.3
179,-1382.6740487874226,0.00876326166198689,-2.9421479065917193,0.38911675,5844,128607,100000,8429.7
180,-1280.5895109423932,0.008775645764058844,-2.951347280856517,0.38570150000000003,5560,129326,100000,8467.1,-1322.0754090964624,27.239918147197802,0.3983937090534496,7.440343955310146,0.28975370666115197
181,-1362.7043552398122,0.008481062777181086,-2.803500009839287,0.38228624999999994,5670,130045,100000,8537.1
182,-1353.5175111539018,0.009037938705815006,-2.964605141707654,0.37887100000000007,5846,130764,100000,8576.7
183,-1369.3508526908954,0.00903014172990454,-2.9276324710185238,0.3754605,5669,131482,100000,8614.9
184,-1252.6194561798848,0.00891942594397183,-3.078738652193886,0.3720452500000001,5546,132201,100000,8652.2
185,-1387.4417555759658,0.008587640790358257,-2.9350732432751436,0.36863,5912,132920,100000,8692.0
186,-1340.36319129539,0.008819584123453418,-2.9016175723133384,0.36522425000000003,5596,133637,100000,8729.8
187,-1356.3466143772177,0.00887227728695709,-3.0173519302266425,0.36180899999999994,5821,134356,100000,8768.9
188,-1273.8896306129038,0.008425096436787896,-3.1118598471345544,0.35839375000000007,5648,135075,100000,8809.2
189,-1245.094683419041,0.00843782063083688,-3.1556291653783495,0.3549785000000001,5492,135794,100000,8851.5
190,-1306.8890948337123,0.008645998663960063,-3.0476958081327252,0.3515632500000001,5559,136513,100000,8898.2,-1324.4365471072729,40.949926176046716,0.4069418103187171,7.571834274974714,0.2819069298056321
191,-1332.4100963140995,0.008603419913000615,-2.980283814284092,0.348167,5603,137228,100000,8978.8
192,-1327.0158970153816,0.009252912120070522,-2.932464359300919,0.34475175,5472,137947,100000,9026.7
193,-1337.2458876219027,0.009649031159054381,-3.020250309310177,0.34133650000000004,5717,138666,100000,9075.1
194,-1308.0867922335747,0.009342115809132339,-3.0847586019102007,0.33792125000000006,5614,139385,100000,9122.5
195,-1425.8079820873547,0.009402664090218307,-2.865884976186504,0.33450599999999997,5838,140104,100000,9170.0
196,-1329.636570802558,0.009529428784766059,-2.967326998278754,0.3311002500000001,5486,140821,100000,9216.9
197,-1256.7442954663923,0.009533249102451789,-3.0790387759674123,0.3276897500000001,5399,141539,100000,9258.9
198,-1342.7737026209543,0.009498228387921295,-2.985478762354958,0.324284,5661,142256,100000,9306.1
199,-1307.8889420136632,0.009198735459147294,-3.0184994391556486,0.32086875000000004,5624,142975,100000,9356.7
200,-1389.003258213456,0.009334521584225333,-2.9067099516213304,0.31745349999999994,5935,143694,100000,9409.6,-1269.9484440494255,35.34938222052556,0.40799407076113586,7.31901500211323,0.2815360631068141
201,-1370.8901470669925,0.009081038661074506,-2.9752835355646328,0.31404299999999996,5934,144412,100000,9525.7
202,-1296.25057997669,0.00881428626220602,-3.0898427900312964,0.31062775,5587,145131,100000,9590.0
203,-1364.5803775683598,0.009029431998810719,-2.930542916429837,0.3072125000000001,5794,145850,100000,9655.8
204,-1362.1661135506297,0.009340471371542662,-3.0090305091728244,0.303802,5700,146568,100000,9721.1
205,-1384.955841360688,0.009284851513810814,-3.15432796683884,0.30038675000000004,5963,147287,100000,9790.0
206,-1333.805138523592,0.008805279826549705,-3.127817797595467,0.29697150000000005,5654,148006,100000,9855.4
207,-1310.644937850669,0.009109763977407148,-3.252777229740982,0.2935562500000001,5730,148725,100000,9922.4
208,-1345.813516787536,0.008974232091231639,-2.9810137868389033,0.290141,5683,149444,100000,9977.0
209,-1264.8245804056844,0.008773636836615247,-3.195643515472081,0.2867305000000001,5588,150162,100000,10025.7
210,-1314.6416146912309,0.008730904116983216,-3.0913765845297925,0.2833200000000001,5648,150880,100000,10077.7,-1304.1631071852962,27.11780127882542,0.4118022954068811,7.444831540879084,0.2830782429522826
211,-1327.3710156347518,0.008914334861529156,-3.20047757528108,0.27990950000000003,5846,151598,100000,10163.6
212,-1329.4108726039283,0.008711417003776976,-3.1252990490418115,0.27649900000000005,5690,152316,100000,10213.8
213,-1437.194680479155,0.008990865610427608,-2.952781710615839,0.27308374999999996,5805,153035,100000,10265.9
214,-1331.237532520959,0.009188056498088501,-3.0911963266263744,0.2696685000000001,5708,153754,100000,10316.3
215,-1341.7664867561095,0.008837611069405987,-3.201857017750291,0.2662532500000001,5849,154473,100000,10370.0
216,-1280.473289786865,0.008393181567944216,-3.202921490075901,0.2628427500000001,5525,155191,100000,10420.2
217,-1225.5928893041269,0.008301893324642968,-3.295121061688832,0.25943700000000003,5561,155908,100000,10471.9
218,-1292.1003715955085,0.0084676804273072,-3.1948822572130875,0.25602175000000005,5627,156627,100000,10523.8
219,-1266.2138138569455,0.008402542421691979,-3.141602072843939,0.25260649999999996,5566,157346,100000,10571.3
220,-1384.2377743899215,0.008474880110024952,-3.045982035145563,0.24919124999999998,5894,158065,100000,10621.5,-1314.60352459238,38.388633924771185,0.41655932085378994,7.408918352986802,0.2888515960439084
221,-1297.1061295572788,0.00868922436716554,-3.188907424361315,0.2457760000000001,5578,158784,100000,10694.3
222,-1353.0284583779771,0.008596783988691367,-3.1149693204638362,0.24236075,5839,159503,100000,10738.3
223,-1351.5882242750895,0.008554489580234323,-3.0309264908303892,0.23895500000000003,5708,160220,100000,10780.5
224,-1290.350087108902,0.008451577557192405,-3.177211855991442,0.23553974999999994,5704,160939,100000,10822.7
225,-1304.9159357377646,0.008247960371317543,-3.262882208193437,0.23212450000000007,5793,161658,100000,10875.2
226,-1253.6394849717713,0.008291383426874169,-3.02795407685507,0.22870925000000009,5391,162377,100000,10918.5
227,-1337.5461140068765,0.008451881229998515,-3.1376310602433124,0.2252940000000001,5786,163096,100000,10964.4
228,-1310.8028859083327,0.008339329528100969,-3.231484837227805,0.22187875,5802,163815,100000,11010.1
229,-1360.2800876831584,0.008164593129888922,-3.14501129342527,0.21847775000000003,5937,164531,100000,11060.1
230,-1297.8630305318165,0.008261847860787297,-3.2004809261605813,0.21506725000000004,5780,165249,100000,11109.4,-1306.8126473187826,43.94987939363399,0.40588898051270206,7.430993273671949,0.2841149072394996
231,-1416.0947859632179,0.008076054898818,-3.0167939841202487,0.21165200000000006,5908,165968,100000,11192.1
232,-1276.5550545872143,0.008209504531558756,-3.2320677282177868,0.20823674999999997,5682,166687,100000,11240.7
233,-1343.6961440010423,0.008432448477184721,-3.0485124257086693,0.20482625,5652,167405,100000,11289.0
234,-1282.1701899700865,0.007982661575899587,-3.1874610664839795,0.2014205000000001,5561,168122,100000,11336.7
235,-1320.4317427217713,0.008323877762241088,-3.0175146393243657,0.19800525000000002,5534,168841,100000,11385.7
236,-1323.5704577561012,0.008523629120808705,-3.1784138585918766,0.19459000000000004,5834,169560,100000,11436.5
237,-1282.771452910056,0.008311757691879012,-3.220379968735247,0.19117475000000006,5620,170279,100000,11485.9
238,-1266.1612766236722,0.007980560813764472,-3.323073072545829,0.18775949999999997,5602,170998,100000,11534.9
239,-1342.4431226685308,0.008235454137856537,-3.3385443301861177,0.18434425,6001,171717,100000,11586.6
240,-1254.8750427224775,0.00798802774584292,-3.3335789038087125,0.18092900000000012,5620,172436,100000,11637.2,-1285.566934770733,26.19817669693631,0.4078412530526677,7.395878421766456,0.28268083428384916
241,-1248.1346525962604,0.00759803675673063,-3.330713214162771,0.17751375000000003,5550,173155,100000,11720.2
242,-1269.7568600394507,0.0077356540140742225,-3.1894942126338837,0.17409850000000004,5525,173874,100000,11768.9
243,-1304.9933883907192,0.008028880759553112,-3.3250572485976306,0.17068325000000006,5718,174593,100000,11818.3
244,-1359.0509973864898,0.008151416951968003,-3.082615771859287,0.16726800000000008,5686,175312,100000,11865.8
245,-1321.7752519859441,0.008459151761220758,-3.162601974727696,0.16385275,5681,176031,100000,11915.7
246,-1313.8337036963308,0.00807793467452034,-3.345896077981109,0.1604375,5794,176750,100000,11963.4
247,-1307.5900294864337,0.00816906788942729,-3.2477698897526945,0.15703650000000013,5696,177466,100000,12011.4
248,-1269.335318451548,0.007980185501390439,-3.2717996274395023,0.15362125000000004,5440,178185,100000,12058.4
249,-1286.4735553992234,0.008110975736362226,-3.2233797592825293,0.15020600000000006,5546,178904,100000,12103.4
250,-1435.9926168132986,0.008262614077043267,-3.2084563768566707,0.14679075000000008,5945,179623,100000,12155.4,-1269.9435298204949,26.328696856481407,0.4089237199867924,7.348247622568081,0.2827180984494909
251,-1238.8788263510025,0.008101054589864695,-3.3695913751457764,0.1433802500000001,5587,180341,100000,12236.8
252,-1308.1139684153593,0.007857455618988892,-3.299325100058762,0.139965,5792,181060,100000,12286.0
253,-1311.2104612555872,0.008161385488479698,-3.2273907658057963,0.13654975000000003,5643,181779,100000,12337.5
254,-1221.357805742626,0.008371392198340273,-3.3590177257722837,0.13313450000000004,5382,182498,100000,12386.6
255,-1288.2880732183157,0.0081475456476633,-3.3138759282956918,0.12971924999999995,5816,183217,100000,12438.9
256,-1335.0699786016564,0.008278858306257304,-3.2325564440555903,0.12630399999999997,5775,183936,100000,12491.7
257,-1322.9985298096965,0.008650651613342398,-3.2981105990754864,0.1228887500000001,5708,184655,100000,12540.2
258,-1262.2442128276298,0.00840663632184565,-3.3901631197386357,0.11947350000000012,5677,185374,100000,12587.8
259,-1293.2367392273206,0.007970760770061909,-3.3688093621111794,0.11605825000000003,5762,186093,100000,12640.9
260,-1329.2241547106273,0.00818852133068616,-3.426998808837586,0.11264300000000005,5873,186812,100000,12694.8,-1275.5350874638855,48.399043719275966,0.40100640025431256,7.3096478192458205,0.2814348579305036
261,-1338.5596010897916,0.008070305248633423,-3.294172498411683,0.10923725000000006,5922,187529,100000,12779.5
262,-1240.4729852161622,0.007725957563513371,-3.340101259717411,0.10584100000000007,5612,188244,100000,12826.4
263,-1318.0882076603086,0.0077659680301821995,-3.2648643495902756,0.10244000000000009,5721,188960,100000,12876.3
264,-1314.4661810781352,0.008004953943379387,-3.3191758560757556,0.0990247500000001,5695,189679,100000,12924.6
265,-1292.4646782328966,0.007827154673700907,-3.4215229232931104,0.09560950000000001,5908,190398,100000,12977.9
266,-1314.8651653248958,0.007473712562582894,-3.362353580810415,0.09220375000000014,5667,191115,100000,13029.5
267,-1340.9944269941127,0.007656018843406717,-3.342861880306195,0.08878850000000005,5951,191834,100000,13088.3
268,-1377.3013358935088,0.0075894895665288295,-3.311849103301414,0.08537325000000007,5970,192553,100000,13150.0
269,-1259.0729372612907,0.007493763545616752,-3.3368081956218196,0.08197225000000008,5565,193269,100000,13205.4
270,-1343.4252695875653,0.007410474451833387,-3.35420480977081,0.07855699999999999,5783,193988,100000,13256.7,-1281.1489005341668,34.209161601924045,0.4137460940291273,7.311133476443617,0.2820858069055829
271,-1281.8725103423117,0.007723164866992694,-3.3248396345253277,0.07514175000000001,5503,194707,100000,13343.6
272,-1302.7956622580202,0.007608211696214884,-3.3613637379671077,0.07174075000000013,5716,195423,100000,13392.6
273,-1239.5391158388907,0.007328907374584348,-3.433656285941559,0.06832550000000004,5676,196142,100000,13444.8
274,-1292.5374057894119,0.007414746479575958,-3.371516182091118,0.06491025000000006,5703,196861,100000,13497.8
275,-1232.1737627804362,0.007545825787154209,-3.44192477907169,0.06150925000000007,5512,197577,100000,13548.7
276,-1339.7351280825997,0.007196851725393657,-3.398259277244562,0.05809399999999998,5841,198296,100000,13601.5
277,-1333.0041049311478,0.007172874658391831,-3.4273095273889274,0.054683499999999996,5795,199014,100000,13655.0
278,-1279.0396776377286,0.007353995406736596,-3.410192981214178,0.051268250000000015,5632,199733,100000,13706.9
279,-1226.7268260860824,0.0072368939962141705,-3.4545108962069655,0.050000000000000044,5605,200452,100000,13758.0
280,-1247.5473554244472,0.0070379758205558925,-3.4724629843560075,0.050000000000000044,5611,201171,100000,13809.4,-1283.6536146883213,42.02245829296209,0.4082276744337655,7.3169662519669725,0.2861323442243382
281,-1318.304918618403,0.007217919194437353,-3.3792590152621163,0.050000000000000044,5679,201888,100000,13893.8
282,-1297.2788212455425,0.007139039758440241,-3.493319359716657,0.050000000000000044,5871,202607,100000,13948.4
283,-1310.6746915296208,0.007078327013328892,-3.4879755269671677,0.050000000000000044,5729,203326,100000,14002.5
284,-1296.5892279433676,0.007025572122054372,-3.446522944269019,0.050000000000000044,5737,204045,100000,14055.7
285,-1307.985599433408,0.007232599909918277,-3.5262549236502894,0.050000000000000044,5886,204763,100000,14112.5
286,-1277.0786304081716,0.007153588657781427,-3.543615002110835,0.050000000000000044,5718,205482,100000,14167.4
287,-1311.3344604391796,0.006834225395108646,-3.522869019175779,0.050000000000000044,5864,206201,100000,14221.0
288,-1320.2497344323479,0.006974010345902809,-3.477451625534198,0.050000000000000044,5710,206920,100000,14274.8
289,-1253.7747086053905,0.0068855565766867,-3.5287710732920874,0.050000000000000044,5728,207639,100000,14329.3
290,-1292.56805953791,0.006972117472766288,-3.4874332672399135,0.050000000000000044,5663,208357,100000,14382.9,-1281.695529989952,20.33036064382613,0.4077619455648235,7.313816864136724,0.2844743155283328
291,-1361.6261583067442,0.006617908610079597,-3.463139323003815,0.050000000000000044,6057,209075,100000,14472.6
292,-1143.8695487682455,0.006595258787642876,-3.5747163761875993,0.050000000000000044,5244,209794,100000,14522.4
293,-1210.2467469257779,0.00650048527609844,-3.569177466290399,0.050000000000000044,5566,210513,100000,14574.9
294,-1272.7113033065998,0.006408933468381424,-3.4645330348270993,0.050000000000000044,5603,211230,100000,14627.3
295,-1286.8367932650576,0.006787159858596443,-3.5013269443475066,0.050000000000000044,5686,211948,100000,14681.5
296,-1271.7641822081137,0.006880186179005854,-3.524926047396055,0.050000000000000044,5715,212666,100000,14735.3
297,-1271.01586396226,0.007082865476495466,-3.48725338212345,0.050000000000000044,5490,213383,100000,14786.6
298,-1282.9828339160883,0.0069979937644587655,-3.547623125511523,0.050000000000000044,5627,214098,100000,14839.5
299,-1379.1847992838236,0.007155533526309813,-3.4870025450473037,0.050000000000000044,6136,214817,100000,14893.3
300,-1300.5808433599138,0.006972903040705443,-3.5767413721303734,0.050000000000000044,5886,215535,100000,14948.5,-1275.283128279089,26.95288933597251,0.4069141252397926,7.4217019627352085,0.2813836575336398
301,-1211.0604311020527,0.0067134860542436775,-3.58988915184951,0.050000000000000044,5440,216254,100000,15032.3
302,-1291.15643983905,0.0066689598281674985,-3.5069583139900713,0.050000000000000044,5738,216969,100000,15087.5
303,-1295.1029555773955,0.006904443088902717,-3.516082515742641,0.050000000000000044,5689,217687,100000,15157.1
304,-1216.2065811280538,0.006913706769039206,-3.629850668727025,0.050000000000000044,5572,218406,100000,15212.6
305,-1237.0150271546358,0.006787872690546198,-3.5340460770284734,0.050000000000000044,5383,219123,100000,15260.5
306,-1310.825314193348,0.00697503028573159,-3.617363501441738,0.050000000000000044,5794,219842,100000,15312.8
307,-1234.735650895253,0.0070410596328250264,-3.6050745217507703,0.050000000000000044,5601,220559,100000,15360.0
308,-1326.202929540673,0.0070059811929604554,-3.5764196761427107,0.050000000000000044,5761,221278,100000,15409.0
309,-1216.4696091583317,0.006707723967746632,-3.613226129873415,0.050000000000000044,5481,221997,100000,15455.4
310,-1260.2336827473189,0.006874858233117062,-3.6194877080358827,0.050000000000000044,5720,222716,100000,15507.2,-1309.661729451632,44.79193822562724,0.41335755954028724,7.378803570916103,0.292599992221824
311,-1274.4008825228757,0.00681037910377718,-3.616843801410045,0.050000000000000044,5709,223434,100000,15588.1
312,-1278.1963414587315,0.006455318711075605,-3.6710002836153564,0.050000000000000044,5940,224153,100000,15637.6
313,-1285.2124772196944,0.006642664726684129,-3.625277470257704,0.050000000000000044,5744,224870,100000,15685.3
314,-1268.6708807631762,0.006883682289272874,-3.5454084438202385,0.050000000000000044,5459,225589,100000,15732.7
