episode,ep_reward,avg_loss,avg_v_now,n_decisions,n_transitions,n_updates,wall_time_s,train_CR,train_WT,train_DU,val_reward_mean,val_reward_std,val_CR,val_WT,val_DU
0,-2433.6901515865648,0.053478133122392024,-0.16844907096000827,8672,8672,271,16.34034299850464,0.5779044516829533,5.492128670451032,0.434061725613877,-2403.5394846149406,74.04697848673683,0.6027658691421096,5.445261945416306,0.4239415381090447
1,-2285.2136585828193,0.05013039147969322,-0.15621003147600643,8652,8652,271,15.747478008270264,0.6263492942153335,5.315088428632312,0.422879404993802,,,,,
2,-2202.1068684640195,0.046169653980541625,-0.15769638860278415,8166,8166,256,17.565742015838623,0.5921613178074411,5.338896566066724,0.4142377537005951,,,,,
3,-2333.7193523511555,0.056507063312631736,-0.16639453420390643,8461,8461,265,15.753006935119629,0.5882999176050535,5.404240713386782,0.43542956772680813,,,,,
4,-2287.7802848160627,0.04852318810472793,-0.15796648035697475,8570,8570,268,15.464221000671387,0.6090580716865797,5.428282260745908,0.40605173255246463,,,,,
5,-2416.5005686531385,0.04731420109776186,-0.41940708534582877,8922,8922,279,15.557780027389526,0.631697687535251,5.4326723204462475,0.42506203838303747,,,,,
6,-2296.218698228106,0.05046569666679281,-0.4246003097382902,8550,8550,268,16.40993309020996,0.5985302123026673,5.330150025579076,0.42258234211064677,,,,,
7,-2541.499210205088,0.042789825444805044,-0.43901982617693897,9328,9328,292,18.021626949310303,0.6316657504123144,5.398227213444691,0.43709523459872235,,,,,
8,-2278.035112622068,0.05035520637548476,-0.43080650822323924,8455,8455,265,15.122883081436157,0.6017279821627648,5.352286083456125,0.41574281042319866,,,,,
9,-2265.613005365698,0.051856165190542494,-0.4262052114113425,8414,8414,263,14.834032773971558,0.6240130683365097,5.312755115041591,0.43766744061439544,-2389.672580985481,31.97778988387191,0.6175772670799275,5.448797930616889,0.4237469755495612
10,-2456.2358389724104,0.0525132307020778,-0.6551358306889726,8796,8796,275,15.687932014465332,0.5963153616905987,5.53706778160355,0.45537666467899024,,,,,
11,-2261.447738678,0.04811545731082781,-0.6535755630423937,8548,8548,268,14.83882999420166,0.6152556580050293,5.421787931637568,0.4142516811917614,,,,,
12,-2449.2101471316455,0.055595190765765995,-0.6687894363753034,8706,8706,273,15.495101928710938,0.5663927908825868,5.672382975889782,0.4351523533479483,,,,,
13,-2488.9464747493503,0.04689184699468968,-0.6583169441773785,9097,9097,285,16.461080074310303,0.6173960913845307,5.485122239207896,0.4263058344245599,,,,,
14,-2325.3171263463346,0.04573668626321973,-0.6637603063581456,8704,8704,272,16.302339792251587,0.6095132743362832,5.454148074118035,0.4234890314878376,,,,,
15,-2382.30292815122,0.0492006364944206,-0.8116200602256646,8850,8850,277,16.06964921951294,0.6268820147823706,5.1705840572887585,0.43590045302112135,,,,,
16,-2350.7044943255387,0.05380799479009408,-0.8323020920220722,8476,8476,265,14.783874034881592,0.5925116151954086,5.5337354839610535,0.4448036812583648,,,,,
17,-2264.142252507489,0.04449621440412906,-0.833924141117873,8320,8320,260,14.273970127105713,0.5986898319567074,5.442133594218512,0.4167704005879089,,,,,
18,-2348.8648984689894,0.04800962003404802,-0.8262232828041854,8480,8480,265,14.831608057022095,0.5851670741646292,5.531641128618009,0.4349586739396504,,,,,
19,-2293.1535357238513,0.043523383969884546,-0.8309326352735769,8707,8707,273,14.976407051086426,0.6289905090595341,5.325184499858973,0.40511634195069923,-2397.401448770718,95.6433801790424,0.6009643895671738,5.47267176052839,0.4253232647768469
20,-2375.1691432451785,0.05333044928802031,-0.955215446974464,8522,8522,267,15.075039148330688,0.5805131004366813,5.537696738432339,0.4277698185291309,,,,,
21,-2542.944176572278,0.046179856324719416,-0.9555096674979786,9449,9449,296,16.568123817443848,0.6260425073984396,5.493474361284002,0.43367865122892546,,,,,
22,-2347.5405632720785,0.041292844232489946,-0.9422356901293747,8970,8970,281,15.766622066497803,0.6407521751333146,5.316394994297805,0.4246747301109093,,,,,
23,-2378.876272870793,0.04553111948272479,-0.960628973984345,8940,8940,280,15.903876066207886,0.6270285394515949,5.294675269785228,0.4177913304833744,,,,,
24,-2401.893073515889,0.046116442969839404,-0.9580165815880345,8868,8868,278,15.315354824066162,0.614207650273224,5.394495826401227,0.43898702235039655,,,,,
25,-2330.594589464001,0.043693345492715786,-1.0962128585756572,8863,8863,277,15.26272988319397,0.6230425055928411,5.285992459723281,0.42542816723354304,,,,,
26,-2375.500178850556,0.04503139045819531,-1.1206705400556458,8723,8723,273,14.950464010238647,0.6354401805869074,5.465658560751852,0.45001198035222234,,,,,
27,-2198.7993247663526,0.047013819744661164,-1.112524078880806,8379,8379,262,14.484175205230713,0.6314723748915244,5.232422111793471,0.41154170800693035,,,,,
28,-2407.149407461977,0.04966836166483435,-1.1179426439827216,8797,8797,275,15.1460862159729,0.612565445026178,5.397644207851207,0.4337395222282362,,,,,
29,-2461.1362048238166,0.05369160425256599,-1.1289263036757216,8785,8785,275,15.337803840637207,0.6155543298400441,5.5563808757742255,0.44555147441521553,-2384.8108983129086,62.87974666701572,0.6086582093182514,5.514885662184342,0.4259105519591765
30,-2404.9850146747754,0.049310832128890314,-1.3289782682717286,8835,8835,277,16.29035234451294,0.5947426067907996,5.426258082937751,0.43647227895015506,,,,,
31,-2340.256618302672,0.0458564068639168,-1.3351685522619927,8634,8634,270,15.022794961929321,0.6042245692051139,5.52891724431066,0.424561980014638,,,,,
32,-2434.0507202612125,0.04530873539808549,-1.3327674806543057,9115,9115,285,15.816415071487427,0.6294277929155313,5.245919265211466,0.43873197115384616,,,,,
33,-2320.405193324821,0.04266119582493874,-1.3293498329596944,8787,8787,275,15.283606052398682,0.6157082748948106,5.377063565569636,0.41569539223383056,,,,,
34,-2316.7166301759376,0.05002020746503612,-1.338441903183659,8706,8706,273,15.061227798461914,0.629587803500847,5.338577097381249,0.4229081442915582,,,,,
35,-2365.272672885354,0.045753131820635354,-1.4569471054559149,8864,8864,277,15.3158278465271,0.6174306734578382,5.3256010126993525,0.4149000965609448,,,,,
36,-2426.838767352311,0.04251849626249988,-1.4732454299480429,9081,9081,284,16.128422260284424,0.6278941565600882,5.408829406473829,0.43284693922264583,,,,,
37,-2259.7389367467576,0.04272674890475629,-1.4713221540759576,8655,8655,271,15.023068904876709,0.6308781869688386,5.349564066346834,0.4162604589008853,,,,,
38,-2449.3287890027627,0.04892017415425341,-1.4820608300028637,8939,8939,280,15.757433891296387,0.6171745152354571,5.449591143657699,0.44721208326333634,,,,,
39,-2328.701351096184,0.045208099284432694,-1.468682048322423,8656,8656,271,14.879145860671997,0.6218463302752294,5.485665992356198,0.40450916747083077,-2432.202267078653,55.035306468616156,0.5993977051132642,5.507348877051963,0.4342903738801186
40,-2376.9575868252496,0.04804620342065873,-1.7254303732992764,9027,9027,283,15.782166957855225,0.6460481099656358,5.35803286180244,0.4239842726081258,,,,,
41,-2426.334179940962,0.05083238987726275,-1.7331480260080299,8739,8739,274,15.15864109992981,0.582972972972973,5.4514007816659324,0.4336132209826727,,,,,
42,-2335.9312163660684,0.05782041972335637,-1.736774723453412,8519,8519,267,14.773576974868774,0.6071719641401793,5.4465922529352255,0.4494053510788957,,,,,
43,-2375.1168576761297,0.05058120333549557,-1.7181503572627606,8918,8918,279,15.484142065048218,0.6268490092101591,5.319312758362928,0.4191067034084378,,,,,
44,-2342.7556914660267,0.054988355531617454,-1.7258243028086526,8676,8676,272,14.975386142730713,0.6124895455812657,5.416463759165138,0.4180174609484269,,,,,
45,-2522.506986928593,0.06082472358813462,-1.8400705903903147,8856,8856,277,15.453740119934082,0.5887140531741726,5.689567546142989,0.4518759708447843,,,,,
46,-2298.025722657441,0.05626543545680031,-1.8238230938266253,8588,8588,269,15.10819387435913,0.6247942951179375,5.132625782570231,0.428277071459886,,,,,
47,-2546.6717183974506,0.05454928840584666,-1.8325923692092847,9243,9243,289,16.069072246551514,0.6106457714131316,5.436297840605692,0.4430306791984394,,,,,
48,-2370.9179543929863,0.052214952661534364,-1.8253451907290732,8802,8802,276,15.283148050308228,0.6244065903378945,5.423780928913397,0.4275547138689922,,,,,
49,-2329.126841816405,0.05431542545209514,-1.8289776564395028,8576,8576,268,14.872352123260498,0.6099585062240664,5.310874891659448,0.42873471084194276,-2410.7582316096023,48.76563752526793,0.6021279125900469,5.466819566805412,0.42426660755547924
50,-2541.8967437178744,0.05795966616291423,-1.953705163439761,9161,9161,287,16.296136140823364,0.6342327609702917,5.422149999188359,0.4476619916259187,,,,,
51,-2333.1131831793864,0.04730947055570754,-1.9499450283936965,8736,8736,273,15.140622854232788,0.625622578859989,5.311188663020404,0.44448083851948905,,,,,
52,-2431.228558986529,0.05238809206939015,-1.9571287067038363,8683,8683,272,15.026845932006836,0.584581857804413,5.59752087668123,0.4413351063035066,,,,,
53,-2406.8994088536524,0.05590290350262144,-1.9634351306968576,8661,8661,271,14.896045207977295,0.5920758928571429,5.629124253785331,0.4220685724570297,,,,,
54,-2341.1702721874,0.05518105880495299,-1.9537514117651806,8613,8613,270,14.961112022399902,0.6253405994550408,5.239845891986796,0.43893755632044673,,,,,
55,-2340.2405272082333,0.052783702614815964,-2.1000363258090986,8423,8423,264,14.529891729354858,0.6009274413529733,5.605884586769231,0.43476694438189595,,,,,
56,-2502.209723827854,0.05507333282954418,-2.120836061177821,9122,9122,286,15.861310005187988,0.6173215273934698,5.509934028972574,0.43619660497075585,,,,,
57,-2216.174573446781,0.05320453891226162,-2.093162071895496,8317,8317,260,14.293155908584595,0.582749929991599,5.399520489348796,0.39147252356393386,,,,,
58,-2324.39169735361,0.0554679885684523,-2.096457480672288,8539,8539,267,14.727672100067139,0.6328102710413694,5.463971717881727,0.43361209248244714,,,,,
59,-2355.1481126193858,0.05389089044855928,-2.1122864747214303,8858,8858,277,15.305400848388672,0.6310788149804359,5.3462344708835445,0.43409933506446724,-2362.6104880284947,109.66615094547343,0.6193960530494012,5.394928861047993,0.4154409156374559
60,-2367.1536161051777,0.05210623563694287,-2.159646738693539,8850,8850,277,15.39034914970398,0.6171769168247088,5.380421272699469,0.43932539270510407,,,,,
61,-2465.9077793444144,0.05715753529559482,-2.1786463882996245,8771,8771,275,15.10620379447937,0.5942796610169492,5.584386802343811,0.45450113747156323,,,,,
62,-2563.7702496554402,0.05063581925568696,-2.1759222542458634,9235,9235,289,16.08355212211609,0.6245585438739473,5.4927318262461435,0.4546034856447255,,,,,
63,-2370.748093371881,0.04751999964438645,-2.1659214469446892,8952,8952,280,15.54535698890686,0.6446514253457521,5.36018104038259,0.43683811257775756,,,,,
64,-2398.8867811146056,0.05853047977241905,-2.18579441752049,8502,8502,266,14.786191940307617,0.5995665131400705,5.613653541107658,0.45357326789663427,,,,,
65,-2332.4853858966517,0.05231287385239388,-2.276762020210588,8530,8530,267,14.819528102874756,0.610940552609545,5.483685470138751,0.44164780443639656,,,,,
66,-2290.528023273503,0.04742818321979974,-2.272577532713219,8457,8457,265,14.589062929153442,0.5972875726543039,5.590723415382091,0.4213002306665048,,,,,
67,-2265.1249115244996,0.04423987448285773,-2.2644363947955557,8475,8475,265,14.494567155838013,0.5923227794900532,5.416379963156431,0.41381556030108896,,,,,
68,-2329.739208024104,0.0506517863797402,-2.2763996863491323,8505,8505,266,14.790817022323608,0.5885374425520411,5.580869785449984,0.42308884983978384,,,,,
69,-2297.638345040506,0.04162566242116368,-2.2757272166603046,8607,8607,269,14.793161869049072,0.6197783461210571,5.419608288161572,0.39876240969645993,-2394.4802274027143,55.842412199651704,0.6129363901498593,5.441022876241848,0.4153581360884859
70,-2406.84120934784,0.04134551388107147,-2.385232848791892,8966,8966,281,15.587778091430664,0.6504463000287936,5.362575308996155,0.4265682438041029,,,,,
71,-2147.7469443268433,0.048043666224078095,-2.37813647418584,8275,8275,259,14.472053050994873,0.6037995594713657,5.154135067609987,0.412807589682775,,,,,
72,-2310.191327442368,0.05203707061385862,-2.402715636440092,8488,8488,266,14.709904193878174,0.5941306755260244,5.410517842129484,0.4131178987752693,,,,,
73,-2360.704098146368,0.04386712514637956,-2.3698480678062466,9062,9062,284,15.757766962051392,0.6385846672283066,5.244447097918117,0.4090725282343087,,,,,
74,-2514.9908209784808,0.046076639762709606,-2.402208880305086,9336,9336,292,16.253743886947632,0.6520654283337954,5.492102293165202,0.4428978310085445,,,,,
75,-2346.9998814737082,0.044734732986873256,-2.555280849667212,8815,8815,276,15.369283199310303,0.6170993227990971,5.2681650642682145,0.4154310128172908,,,,,
76,-2366.369302437214,0.0472603025555145,-2.5562368250572582,8703,8703,272,14.977076053619385,0.6183356840620592,5.45548950574172,0.4322258641239571,,,,,
77,-2281.551645480627,0.04265873660090199,-2.5571688607432486,8568,8568,268,14.901311874389648,0.6196198993851314,5.449260239057519,0.4163420692899034,,,,,
78,-2406.931622083998,0.04684833605276374,-2.5736992732933976,8927,8927,279,15.295236825942993,0.6282693377851976,5.417086534221046,0.4314874877257714,,,,,
79,-2253.8367681480595,0.04656107677322514,-2.5506525052919895,8459,8459,265,14.865443229675293,0.6383656911040279,5.2969587416352155,0.4252740911713791,-2400.5638165504106,16.0346471055376,0.6116011085040313,5.380687532706451,0.41460506638625266
80,-2458.936569374634,0.04415403162633961,-2.7679189310742,9135,9135,286,17.660377740859985,0.615665356541269,5.538086147959695,0.42085816100011686,,,,,
81,-2232.9795561184083,0.05326342945316445,-2.7567882741380254,8387,8387,263,14.983353853225708,0.6163631107256432,5.288899365206476,0.4072342776923192,,,,,
82,-2530.38238746567,0.05032404156596719,-2.7790566942629016,9227,9227,289,17.253026008605957,0.6221311475409836,5.435545476929332,0.45047894721136345,,,,,
83,-2469.383330808567,0.049919317492453506,-2.7521980666149397,9291,9291,291,17.36688780784607,0.6514891179839634,5.3497696436590445,0.4269984782024886,,,,,
84,-2453.011141012597,0.06511660706361427,-2.781917224191451,8675,8675,272,15.517027139663696,0.6030871003307607,5.580889155595789,0.43719381895887544,,,,,
85,-2412.284456879329,0.053642939226940654,-2.8171513003749458,8718,8718,273,16.300771951675415,0.5726657645466847,5.475994427221548,0.41876302580209585,,,,,
86,-2540.89673759599,0.05961789670631501,-2.8406583096670066,9016,9016,282,16.42038106918335,0.6167123287671233,5.6072166108717125,0.45665233479648243,,,,,
87,-2214.391458331105,0.049155586104571936,-2.8334340101742095,8430,8430,264,20.400851249694824,0.6381345926800472,5.361054737940143,0.39854109447446917,,,,,
88,-2460.842255809955,0.05228864524141771,-2.840509480150326,9114,9114,285,29.5056369304657,0.6384937238493724,5.432560709958281,0.43495180239725517,,,,,
89,-2274.9894521923025,0.05621168436654379,-2.822170242065497,8643,8643,271,27.249268054962158,0.649956534337873,5.193843225949457,0.416655627676955,-2420.2745417330316,77.42351405065426,0.6172369257366939,5.423813418903748,0.423117754932692
90,-2379.988299932276,0.04706573110424738,-2.8664174016356387,8818,8818,276,15.559452056884766,0.6223091976516634,5.48872228416133,0.42465020942874965,,,,,
91,-2392.550588870539,0.051367294804512686,-2.8948262045966695,8658,8658,271,15.251450777053833,0.6031396309556596,5.51232563806272,0.43455520458385366,,,,,
92,-2178.6880776889147,0.06127421744724372,-2.873173451183118,8029,8029,251,13.77212119102478,0.5844799119427628,5.402549945825282,0.4249055698782901,,,,,
93,-2404.5110752058254,0.05174784004867236,-2.872969909594454,8977,8977,281,15.955529928207397,0.6146341463414634,5.390838868616137,0.439333754626704,,,,,
94,-2543.0439510467168,0.06570708138888028,-2.90137279073415,8996,8996,282,15.646504878997803,0.6046950890447922,5.701279570812269,0.45536439489034924,,,,,
95,-2301.8262229684487,0.0489746401560897,-2.9275439511947137,8455,8455,265,15.107254028320312,0.6054570259208731,5.413564501623725,0.4305980445084278,,,,,
96,-2418.622123586636,0.04868419266863997,-2.918173763728168,9010,9010,282,15.76217794418335,0.6480383855489698,5.413907457422431,0.4418373256901852,,,,,
97,-2425.146367169175,0.051116892136633396,-2.9512447473841967,8759,8759,274,15.375267028808594,0.6040965207631874,5.57097439287135,0.42548062615320514,,,,,
98,-2559.7798769124784,0.06101091562585364,-2.949113661694974,9003,9003,282,15.77830696105957,0.601481873511511,5.527439489513878,0.4505793348859412,,,,,
99,-2361.474329325046,0.05071332065499914,-2.9262033803276677,8830,8830,276,15.65429401397705,0.6212163287975563,5.3784082425507505,0.43310309542082376,-2342.5502594507716,78.38037720636297,0.6155383497184068,5.388014683936065,0.413001668951297
100,-2245.326458242628,0.053680115151977126,-3.0529368033540307,8251,8251,258,14.60618805885315,0.5811919081465281,5.481487551438925,0.40995091477019185,,,,,
101,-2463.2511894635295,0.06182078967343413,-3.05931746132531,8676,8676,272,15.2638840675354,0.6028502285560634,5.517663830479092,0.46058654261901566,,,,,
102,-2551.605691235286,0.059018806800009406,-3.047124913492782,9284,9284,291,16.40417981147766,0.6143702906350915,5.5008886547507645,0.4437225530890934,,,,,
103,-2196.739862060024,0.05890264748558989,-3.0311114378566817,8128,8128,254,14.112198114395142,0.610740122426266,5.447041893952133,0.4274244191262223,,,,,
104,-2264.4658440899443,0.05949630039924784,-3.0613522930122983,8560,8560,268,15.261727094650269,0.5985256592004536,5.360519522198108,0.3945279082681715,,,,,
105,-2588.371530343803,0.04703346064702297,-3.1617112659189823,9590,9590,300,17.591021060943604,0.6419753086419753,5.507168323904619,0.4335149505543464,,,,,
106,-2547.7059670119647,0.048372102297107755,-3.1639567068268866,9238,9238,289,30.040545225143433,0.6181211784324625,5.54513951116898,0.43181485921464285,,,,,
107,-2330.7180128256277,0.05962514903326079,-3.1682167193518596,8463,8463,265,26.08891797065735,0.5865830379056449,5.526142521792987,0.4374596889108881,,,,,
108,-2303.329081757433,0.055895789826997735,-3.1790401498188787,8558,8558,268,19.072440147399902,0.6043267862226017,5.380689750695231,0.4160445815266789,,,,,
109,-2231.200874553049,0.06609498588035681,-3.1868258841071833,8045,8045,252,14.418755769729614,0.5875973303670745,5.523389338966331,0.4173355461677731,-2358.0009877324455,74.70234546100345,0.6217401878193944,5.378782285781163,0.4128379580271296
110,-2127.814001477017,0.04698192548169049,-3.203625408836622,8445,8445,264,14.714468955993652,0.6202170188463735,5.253767853493102,0.4021364009860312,,,,,
111,-2536.7244755743595,0.05221347776129586,-3.2254635145764037,9291,9291,291,16.30430579185486,0.624113475177305,5.380916379385113,0.42923101649596,,,,,
112,-2343.159119987007,0.05524085994174873,-3.2396700340915117,8771,8771,275,15.309332847595215,0.6313858312164832,5.301561872454074,0.4142593104652686,,,,,
113,-2506.3572897212407,0.05138377736426612,-3.237491915450417,9019,9019,282,15.579514980316162,0.6175818080976151,5.465072062405193,0.42880382061040223,,,,,
114,-2408.4397411876953,0.049128431034057965,-3.2020451396267524,9087,9087,284,16.95387101173401,0.648852825965305,5.377972388623996,0.43081442314753615,,,,,
115,-2293.892074061003,0.04845619559068082,-3.373280965432657,8661,8661,271,15.849378108978271,0.6278290025146689,5.2805120768338245,0.4227025096007859,,,,,
116,-2385.52467719961,0.04965631944381378,-3.3983871506512036,8799,8799,275,16.85755705833435,0.6171571349250417,5.558028069182294,0.4366621390184846,,,,,
117,-2359.062512671609,0.047360485402820125,-3.3825967409606976,8854,8854,277,15.694192171096802,0.6289107763615296,5.281854071577796,0.4100825340173991,,,,,
118,-2422.7133716664007,0.05288801497032105,-3.4138865794927353,9072,9072,284,15.551650762557983,0.6119402985074627,5.278775975206395,0.4273620850691613,,,,,
119,-2323.1776279713654,0.055166716859212,-3.4096071369134995,8654,8654,271,14.939080238342285,0.6169054441260745,5.481170588444907,0.3994335931797612,-2402.3839789043604,79.5439953885573,0.6108392617436437,5.444398290083734,0.426087411547493
120,-2384.822668900806,0.05081376159092882,-3.4283366677957936,8720,8720,273,15.13102102279663,0.6055172413793104,5.552950262189295,0.4314227303702582,,,,,
121,-2310.234284217838,0.0556708739622307,-3.440150536170476,8494,8494,266,14.238794088363647,0.6018671059857221,5.543910599405239,0.4265855517854741,,,,,
122,-2503.505192308842,0.05077619539437497,-3.4443732363261708,9175,9175,287,15.801512956619263,0.6377675426713628,5.45776419037027,0.45679667462633766,,,,,
123,-2389.8143559310497,0.05301916412150013,-3.449849279840879,8660,8660,271,14.72092890739441,0.6113238512035011,5.395072409902824,0.4436351745050241,,,,,
124,-2230.47553489093,0.04953395545287302,-3.4548550490383922,8521,8521,267,14.583469152450562,0.6209302325581395,5.195784748762034,0.3890568050493377,,,,,
125,-2256.314023285557,0.050442568954209795,-3.431515867345243,8279,8279,259,13.988707065582275,0.6002793296089386,5.5258376453068285,0.4217135851933801,,,,,
126,-2417.133930641023,0.04597051598952263,-3.4157308886845557,9133,9133,286,15.740421056747437,0.6318516498500136,5.323922771532604,0.42998957369634494,,,,,
127,-2475.642357718468,0.051724031113679875,-3.439955296186172,8851,8851,277,15.097764015197754,0.6352650370777259,5.498632110208288,0.46122110991172166,,,,,
128,-2299.3754325530404,0.045461191799202966,-3.4210067831760296,8668,8668,271,14.883419752120972,0.6430239346176299,5.255713639516738,0.40933492394870263,,,,,
129,-2379.6338928796526,0.05520367647383224,-3.427237357139366,8618,8618,270,14.825034856796265,0.5939310344827586,5.5278094272034535,0.4421976632136834,-2388.5148977337894,59.2969854696473,0.6051399193229338,5.430589554924667,0.41819756055284163
130,-2375.7266111505446,0.05577737972789416,-3.5775057904268572,8434,8434,264,14.412848711013794,0.5723524656426839,5.746166524176322,0.4403291566480981,,,,,
131,-2299.0057219567384,0.05362077738105688,-3.5858091079239296,8475,8475,265,14.456622123718262,0.6110491071428571,5.4504771666199305,0.43561114715512167,,,,,
132,-2367.2408768373098,0.053683266417551646,-3.559746173100105,8753,8753,274,15.139322996139526,0.6093576965669989,5.490066736782029,0.4313197841245298,,,,,
133,-2305.6799932682784,0.07299682117716177,-3.560432493517977,8833,8833,277,15.49511194229126,0.6666666666666666,5.292381219375292,0.42217298175640744,,,,,
134,-2443.1462863000675,0.05130912862757596,-3.5661315286340396,9029,9029,283,16.3733389377594,0.635226963848872,5.379653670803987,0.4487682341016262,,,,,
135,-2323.7145130865692,0.05152328079394529,-3.544155409231209,8661,8661,271,15.14342999458313,0.6242969628796401,5.318429560709095,0.43571556832465436,,,,,
136,-2484.0415937773446,0.05939194177567581,-3.569567284759651,8825,8825,276,15.23639178276062,0.5905826017557861,5.599023673930877,0.4545468264268252,,,,,
137,-2312.6479832039795,0.04992018005511952,-3.5398164264486733,8474,8474,265,14.737497091293335,0.6099150141643059,5.436390891211608,0.41775991393479367,,,,,
138,-2322.478005370473,0.04638508486052539,-3.5440417859943576,8605,8605,269,14.75343632698059,0.6145313366611204,5.327759626766144,0.4163967106902567,,,,,
139,-2266.3718274476637,0.05631655383797571,-3.5537882953385154,8274,8274,259,14.814974069595337,0.5825994128636243,5.380006492104079,0.4337265787647467,-2397.224893002927,114.01536845887406,0.6105959190586037,5.469083315069021,0.4223207303656259
140,-2218.5993714387364,0.04279236632616096,-3.5639804721674846,8384,8384,262,15.148216962814331,0.6015424164524421,5.4230977158462155,0.396634651857921,,,,,
141,-2511.4755300034135,0.05427652443856494,-3.549746291951979,9156,9156,287,16.280438899993896,0.6331015299026426,5.473755371276852,0.44227112197772345,,,,,
142,-2513.945758950695,0.05083850125915238,-3.577776414717714,8934,8934,280,15.920864820480347,0.6115834218916046,5.639267022884918,0.46271085236602477,,,,,
143,-2372.641806232848,0.059188524779080806,-3.5437752670561493,8804,8804,276,15.312185764312744,0.6222928097025701,5.333560987389357,0.4210708846635203,,,,,
144,-2379.9621220715017,0.053122234158743085,-3.5650517776925366,8511,8511,266,14.892821073532104,0.5871108683779356,5.551338627869621,0.44380789125466136,,,,,
145,-2419.450779606141,0.05920304468347003,-3.634118954845951,8807,8807,276,17.1499981880188,0.6122337520480612,5.433194504746049,0.42646952445711145,,,,,
146,-2453.448293185456,0.051912146513875,-3.6204754617870747,9064,9064,284,17.099215269088745,0.6140491452991453,5.438005767665936,0.4459739469375335,,,,,
147,-2276.576640648594,0.0467214529966786,-3.6211056732460807,8746,8746,274,15.584858894348145,0.6223893065998329,5.274200645274043,0.4052846715328467,,,,,
148,-2370.254922907056,0.050367328399464006,-3.631815001182363,8885,8885,278,16.710863828659058,0.6292861157953906,5.243614381302325,0.4257202591895138,,,,,
149,-2281.6912872621774,0.06514769416603752,-3.6458090034145787,8674,8674,272,15.53127121925354,0.608551724137931,5.365926962394839,0.4072993561125109,-2424.087339270477,113.14354259336453,0.6010491659727488,5.487840635163473,0.42352236403950017
150,-2223.270424811161,0.05498108275065695,-3.6886658115546274,8261,8261,259,14.41230297088623,0.6041608096710711,5.43311864533788,0.41179603248568764,,,,,
151,-2473.830230576823,0.05988917266623232,-3.692545108695497,9090,9090,285,15.860898971557617,0.6326245103525462,5.486653736881003,0.44009424580407275,,,,,
152,-2350.6735358843925,0.04758872714134331,-3.7198979434846478,8543,8543,267,20.40731978416443,0.6013986013986014,5.441835493756985,0.4266591475721239,,,,,
153,-2359.971847860318,0.05127283300963237,-3.69847514019406,8869,8869,278,26.353451013565063,0.6231679819616686,5.28937672166891,0.40723928200563714,,,,,
154,-2199.615016199565,0.04371803490761316,-3.693491227542878,8466,8466,265,24.382986068725586,0.6644547028274668,5.295317676986671,0.4235566021280307,,,,,
155,-2426.0693513841156,0.04740112676121642,-3.7051847779698686,8917,8917,279,29.614074230194092,0.6149674620390455,5.331118184084785,0.4503450748409071,,,,,
156,-2264.557316323994,0.04817879091969278,-3.7128690416183083,8491,8491,266,30.27263593673706,0.6052704576976422,5.388695103371895,0.4212627711739612,,,,,
157,-2450.7688842058724,0.04466027613427636,-3.715246290774676,8983,8983,281,21.41524577140808,0.6093406593406593,5.539679654630014,0.4381465678568755,,,,,
158,-2310.6674937389703,0.053557662088079036,-3.701489440803807,8621,8621,270,15.49655795097351,0.6149295774647887,5.435655038303505,0.42002114700144455,,,,,
159,-2333.0704412592904,0.05081152552441183,-3.7125083778422594,8509,8509,266,15.028588056564331,0.5922152560083594,5.499328888344072,0.44802883464943766,-2374.337624072704,112.75792081622279,0.6166514724660208,5.402995925240392,0.42259470477504807
160,-2251.4670390715487,0.04339996982469327,-3.7702576671331807,8637,8637,270,15.537422895431519,0.6615651169506208,5.242518514370459,0.4232607147097234,,,,,
161,-2357.6702310618057,0.050398953780128423,-3.7584228954653898,8841,8841,277,20.125264167785645,0.620651573716179,5.237158587592089,0.43318467252360426,,,,,
162,-2394.6348248041086,0.047609381856662886,-3.7578479738674053,8937,8937,280,16.253697872161865,0.633361087982237,5.376388268775367,0.4244066421305822,,,,,
163,-2408.1423211186107,0.06767479947844927,-3.7622739763360635,8898,8898,279,16.81784200668335,0.635297402960067,5.456622125781869,0.42642603082597813,,,,,
164,-2387.7835486645804,0.050287046717763274,-3.777463872546602,8813,8813,276,15.786340236663818,0.6438547486033519,5.453854459549831,0.43964938890995536,,,,,
165,-2413.413101426382,0.06140517581732931,-3.794726562615001,9122,9122,286,16.76452398300171,0.6224743980071963,5.398958575614826,0.4269056709465336,,,,,
166,-2406.20700844452,0.05110285127871962,-3.8109974191188267,8758,8758,274,18.35624599456787,0.5827436037016875,5.406070966637376,0.43177575721081474,,,,,
167,-2239.9964835453766,0.05611213994678995,-3.80757127437855,8398,8398,263,17.786330699920654,0.6157253599114064,5.42449093141687,0.4242455529661642,,,,,
168,-2491.035232458178,0.05776586493843102,-3.8060620790952213,8932,8932,280,17.977740049362183,0.596014004847832,5.728387689637226,0.4314363305380644,,,,,
169,-2473.722416191974,0.04535639570014358,-3.7884664810680277,9254,9254,290,23.814048051834106,0.6458635703918723,5.275123889488627,0.4147816513761468,-2345.3955621712093,72.65718656045117,0.6064003178427899,5.439081226229303,0.42002053630907
170,-2668.4173242817146,0.04650100870238247,-3.945915059092375,9487,9487,297,16.27824091911316,0.6029173419773096,5.773505841191599,0.43845362208599936,,,,,
171,-2486.650775353033,0.05586014393816835,-3.9306338693077936,8933,8933,280,15.509228944778442,0.6193530395984383,5.4367103039825215,0.4354026845637584,,,,,
172,-2468.9868603359746,0.046984116533963845,-3.9021167782392427,9269,9269,290,16.222151041030884,0.6426785218116143,5.413657558423015,0.4309766300572054,,,,,
173,-2211.9109766134425,0.04508504399564117,-3.900150282885791,8440,8440,264,14.820476293563843,0.6188850967007964,5.393273919922112,0.4165280173400699,,,,,
174,-2428.89914516196,0.05442034213146108,-3.919864729870487,8919,8919,279,15.30821180343628,0.6231060606060606,5.456205377314498,0.4524021088798057,,,,,
175,-2235.291870373003,0.04779026181058172,-3.9199537299037757,8415,8415,263,14.59027886390686,0.6058871627146362,5.401190020967504,0.41802971469693107,,,,,
176,-2417.674104031232,0.04765607537529259,-3.938832401814812,8628,8628,270,14.80504584312439,0.5833333333333334,5.5239419662106695,0.4373402303690115,,,,,
177,-2482.815629594049,0.06392860521390054,-3.9441627213083232,8963,8963,281,15.566694974899292,0.6208504801097394,5.331606729516188,0.43740018461267965,,,,,
178,-2509.5366854981494,0.05496793657279851,-3.956398348264394,9109,9109,285,15.670569896697998,0.6241324079017618,5.585828075613712,0.4565455244403702,,,,,
179,-2498.036373629024,0.050432518129431024,-3.9364837327849957,9199,9199,288,15.96375584602356,0.6252359126449177,5.270255475093275,0.4484751489286032,-2416.1884555858364,56.226390736400006,0.6194909963108765,5.453700209582884,0.416514549434743
180,-2437.7627102666384,0.04365999218599315,-3.961682117333091,9118,9118,285,15.97147798538208,0.6470080552359033,5.288033100703127,0.4243456117493782,,,,,
181,-2464.483853480627,0.04918737149247801,-3.984171282329106,9045,9045,283,15.989261150360107,0.6101043382756727,5.410188320551516,0.4227777447895018,,,,,
182,-2372.003501088091,0.056478551073460344,-3.9821879544157834,8654,8654,271,16.300891160964966,0.6373469968687732,5.518317546153509,0.42669997385772795,,,,,
183,-2258.1065598097634,0.049595673929391314,-3.9672877643079163,8654,8654,271,15.114187002182007,0.6370287000562747,5.297633745780588,0.43389264827459506,,,,,
184,-2459.370753806726,0.05658801171200944,-3.9822675614678458,8900,8900,279,15.69272518157959,0.6001635322976288,5.581670035708179,0.4246702801695491,,,,,
185,-2320.1240809183128,0.05143648288930465,-4.053284492224399,8496,8496,266,14.723401069641113,0.5940136054421769,5.517459959729745,0.4282794117647059,,,,,
186,-2425.9211501746395,0.04549733919598031,-4.0459094142337735,9105,9105,285,16.126325845718384,0.6527466367713004,5.219142156981828,0.42774279327323467,,,,,
187,-2278.431328694466,0.045842882758853114,-4.049019871460946,8792,8792,275,15.35446572303772,0.6450252951096122,5.222266243944107,0.42075155052900404,,,,,
188,-2319.157084354241,0.05043051486188518,-4.039548349252401,8562,8562,268,14.766831874847412,0.6197420078519349,5.275807510831156,0.4171761323206947,,,,,
189,-2288.240691539299,0.049663381198414173,-4.053489332634305,8568,8568,268,14.640709161758423,0.6126024300649902,5.314046345919694,0.42089296709567936,-2360.88379739128,71.54039446734164,0.6138324518816735,5.475786346857754,0.4142126872732712
190,-2604.9580026833855,0.047402506941283236,-4.062792287039881,9393,9393,294,16.357479095458984,0.6300949190396427,5.390736682177968,0.42576591859913454,,,,,
191,-2209.0449616558035,0.04369971843015303,-4.058350274190539,8338,8338,261,14.130151987075806,0.5954710651383841,5.439446642032024,0.4075523380943064,,,,,
192,-2500.0026432926356,0.051416678318584506,-4.0764249460689035,8790,8790,275,15.076818227767944,0.5986984815618221,5.5993628401283555,0.4373474611584023,,,,,
193,-2511.9807152477774,0.049265835874517556,-4.07139457495599,9383,9383,294,16.69426989555359,0.639899972214504,5.396395080454068,0.4236491662247363,,,,,
194,-2440.1464448306356,0.06254393788250653,-4.068712400191558,9091,9091,285,16.84452176094055,0.6567164179104478,5.333885444615468,0.41805627931214173,,,,,
195,-2296.89685716105,0.04636659944335815,-4.042453140530469,8530,8530,267,14.809968709945679,0.6018957345971564,5.299878191300905,0.40778823978729967,,,,,
196,-2175.7591540373105,0.05352644220367074,-4.041892167021081,7978,7978,250,13.431462049484253,0.5778025655326269,5.334017665991967,0.4020585930435831,,,,,
197,-2333.918637692772,0.050056672679869844,-4.022501832427733,8696,8696,272,15.47206997871399,0.6292479108635097,5.43914202987271,0.4362586639803942,,,,,
198,-2272.1352166385363,0.05131297934298905,-4.033480435035038,8296,8296,260,14.293797969818115,0.6114987440692158,5.539816803136226,0.43092100353715507,,,,,
199,-2438.3516608414116,0.05351629418603677,-4.0295750631559235,8955,8955,280,15.543669939041138,0.6049481245011972,5.389116908463625,0.451246866341206,-2358.3030914124415,49.29106200581152,0.6189352158111795,5.41037023475407,0.41730466733587346
200,-2327.814661326025,0.05151597882564332,-4.074940312780985,8405,8405,263,14.394127130508423,0.5873460246360582,5.513792868242908,0.4107107994052893,,,,,
201,-2455.701222373287,0.04405706537828008,-4.055653881542479,9011,9011,282,15.592319965362549,0.6251399776035834,5.436362425692631,0.4330496159435333,,,,,
202,-2478.8076514912736,0.04630434501113073,-4.071242317388234,8812,8812,276,15.190482139587402,0.5845859524460235,5.782546194070346,0.4186375761911149,,,,,
203,-2215.439496054498,0.04250742302143148,-4.05173420791,8288,8288,259,13.927945137023926,0.5909859154929578,5.377115754993327,0.3978391356542617,,,,,
204,-2285.098910536743,0.045959784821143226,-4.051012565421794,8668,8668,271,14.937295913696289,0.6335877862595419,5.209908756946383,0.4138219373010401,,,,,
205,-2353.6148651121953,0.04865845395733235,-4.045460883841481,8663,8663,271,14.700593948364258,0.5992984349703184,5.445785935225278,0.4333475580146269,,,,,
206,-2549.9350413958396,0.04238736153974269,-4.044420202438499,9149,9149,286,15.974820852279663,0.6225075116088501,5.696359899558449,0.4423404658208673,,,,,
207,-2465.8104759210064,0.04468389585880297,-4.048589455664351,8947,8947,280,15.751587152481079,0.6338582677165354,5.381722433624456,0.44298304080574685,,,,,
208,-2321.488560040871,0.04246300308122521,-4.037533374909961,8720,8720,273,15.037099123001099,0.6293250141803743,5.287684915529352,0.42173609771300513,,,,,
209,-2318.3930097627695,0.054196621142941846,-4.042152233692173,8708,8708,273,14.966939926147461,0.6229184307084392,5.357064964891942,0.42536765257019504,-2422.4162582370127,41.75457452872393,0.6196308318528084,5.476500476595597,0.41965691734982535
210,-2380.8353361825757,0.044885155046358705,-4.059376271633233,8951,8951,280,15.38408875465393,0.6303667898777368,5.41493842352957,0.4156479217603912,,,,,
211,-2395.2741580667766,0.04842570532734195,-4.0558465814336095,8811,8811,276,15.000834941864014,0.6250701065619741,5.427365985955355,0.4339811332019822,,,,,
212,-2306.4114399018003,0.04269152965262589,-4.053764106818672,8448,8448,264,14.355313062667847,0.5996215193295485,5.548194907117697,0.43657955094157413,,,,,
213,-2291.3847778101517,0.04933159820963892,-4.052553860796588,8475,8475,265,15.07422161102295,0.5899062327633756,5.250149324679497,0.40570537107198573,,,,,
214,-2306.246480690202,0.04789882697343059,-4.0448716251495345,8689,8689,272,15.568901777267456,0.6396546922862713,5.2815076596836565,0.44232762894962213,,,,,
215,-2352.6732338556267,0.047083460393351435,-4.069972564751485,8654,8654,271,15.383392095565796,0.65,5.213365688073545,0.43402286098013165,,,,,
216,-2456.0164324752577,0.04290448000788808,-4.082352747113255,8992,8992,281,15.606215238571167,0.6300904977375565,5.464058738978791,0.42887873483072725,,,,,
217,-2589.8991335494375,0.05408506190381893,-4.079208689912653,9288,9288,291,16.541043043136597,0.6361637812585875,5.448369402326023,0.45834638972201086,,,,,
218,-2228.370971699206,0.04399467089195859,-4.058493231719569,8472,8472,265,15.051687002182007,0.6290691033695032,5.380786789167184,0.4171399933177414,,,,,
219,-2453.1216153084692,0.04463957643062146,-4.085260973148391,8831,8831,276,15.954681873321533,0.6224433388612494,5.563418127266557,0.43773152231434115,-2413.8834472546273,54.018490109014095,0.6054344453278233,5.441812330566611,0.4200918924277287
220,-2356.849608675303,0.05523970520775411,-4.121708883283482,8412,8412,263,14.63124704360962,0.5907844212835984,5.661719673280197,0.43120504917070307,,,,,
221,-2433.553936070603,0.045282809005165806,-4.118217684837768,8896,8896,278,15.674615859985352,0.6232895839151075,5.369653259158037,0.4195710455764075,,,,,
222,-2153.443663465044,0.050679858666698004,-4.104563987290366,8112,8112,254,14.219619035720825,0.6057013830087496,5.279382870213237,0.4164793784511885,,,,,
223,-2303.0324570738353,0.06905787940637242,-4.120655885307631,8610,8610,270,14.845258951187134,0.589994562262099,5.506078098767059,0.42799498670253416,,,,,
224,-2225.3209282826942,0.04822196276985447,-4.103773249120914,8426,8426,264,14.754423141479492,0.633095577746077,5.373904976074793,0.4193972910628734,,,,,
225,-2428.8204646532913,0.046032427447676286,-4.116972501648527,9013,9013,282,17.50542902946472,0.6388888888888888,5.450703795443301,0.44012060123261554,,,,,
226,-2567.9676530218876,0.04870212976642291,-4.135012816056097,9165,9165,287,18.975335836410522,0.6161150298426479,5.573706401908564,0.44511139158766033,,,,,
227,-2339.297614968104,0.043557142153792486,-4.103088762651497,8864,8864,277,16.289875030517578,0.6494204127791914,5.327002700447077,0.4324023341796962,,,,,
228,-2402.3521553783953,0.04844290471574103,-4.108544783769216,9160,9160,287,17.67106604576111,0.6263433452741802,5.29444232394798,0.42986622576281375,,,,,
229,-2609.9660604317996,0.0450861008020536,-4.122327773481696,9396,9396,294,24.004408836364746,0.6027652220154214,5.579378300794348,0.45981910026971046,-2408.047254168975,23.65272811973159,0.6105067366582905,5.427030310452691,0.41618110219333804
230,-2295.9208029090705,0.046023996982675716,-4.188575570251652,8719,8719,273,15.555704832077026,0.6426155580608793,5.481754033271876,0.42600101736792384,,,,,
231,-2268.119454953422,0.052710083313286304,-4.200296718562472,8516,8516,267,15.752969980239868,0.6140152585476123,5.180608392753764,0.4065380163230618,,,,,
232,-2289.0080454763233,0.04876162320424831,-4.202093389607325,8425,8425,264,14.637357950210571,0.6148169173999433,5.3225179024601,0.41929323286008263,,,,,
233,-2368.706802824554,0.04501768677971132,-4.190466315376556,8879,8879,278,16.348191022872925,0.6314301865460712,5.448101151058968,0.42978825505368606,,,,,
234,-2165.8116437576896,0.05819361607063911,-4.192558034035226,8164,8164,256,14.310703039169312,0.6296938186019642,5.334246949739842,0.4225019669551534,,,,,
235,-2501.2917598769673,0.05446068964000525,-4.251146023957635,8942,8942,280,16.126105070114136,0.6065839179708581,5.425974078623772,0.44207674282366727,,,,,
236,-2258.554281563722,0.04356293224566083,-4.2361967364021575,8373,8373,262,15.993206977844238,0.6024404086265607,5.484876590709293,0.39915709839312574,,,,,
237,-2481.2602923011937,0.048571847403976826,-4.237587534935489,9011,9011,282,16.774353981018066,0.6421376608841634,5.5974097177136635,0.4360827275223656,,,,,
238,-2466.578148660471,0.04586865596303886,-4.2317376644093745,8793,8793,275,27.24583101272583,0.6143958868894601,5.689661853314352,0.43678845038610625,,,,,
239,-2493.2905240570853,0.04599575073173417,-4.236142523454577,9301,9301,291,17.206836938858032,0.618109187749667,5.437983143158024,0.4292595086815214,-2423.4688445994198,113.0013632498883,0.6114332682518926,5.401243229786537,0.4190933757812895
240,-2397.813726663714,0.06666121213789006,-4.239442735503102,8707,8707,273,29.48392605781555,0.6086121777290181,5.46679514339139,0.44826861278793884,,,,,
241,-2240.2273778021813,0.08877961892205322,-4.2244923635978475,8577,8577,269,17.705633878707886,0.6317751648981933,5.315080579051342,0.4225815705636333,,,,,
242,-2294.669241965399,0.05093082832350927,-4.24888254266343,8344,8344,261,15.392903089523315,0.6060522696011004,5.396130308160982,0.4285900461923862,,,,,
243,-2296.1578974372364,0.046512649613806474,-4.220739654140076,8758,8758,274,17.974757194519043,0.624965171356924,5.257896546791911,0.41601430791333155,,,,,
244,-2478.7273665170696,0.05491444905757481,-4.2388282935654304,9004,9004,282,24.2253098487854,0.6190990018883193,5.394989460885127,0.44226880609825286,,,,,
245,-2425.962506700106,0.05188316981083707,-4.207230615884183,8885,8885,278,15.899226188659668,0.6203426706554256,5.328933399129617,0.4451937081270026,,,,,
246,-2286.0339475277397,0.04391815282093982,-4.209126360728258,8624,8624,270,16.344947814941406,0.6379613356766256,5.321265919677836,0.4129334554792978,,,,,
247,-2490.278345949482,0.04979599647942865,-4.219701096493947,9120,9120,285,17.059021949768066,0.6180234141029132,5.359149596795575,0.4488519931194376,,,,,
248,-2438.031478555215,0.04848941000278241,-4.2077482635479715,8946,8946,280,16.586862087249756,0.6346967559943583,5.422043425450603,0.45121244969781565,,,,,
249,-2119.780021868298,0.04779426658323275,-4.217130505903372,7930,7930,248,19.545384168624878,0.6119360365505425,5.355211530615773,0.42344030965225077,-2352.5683472806154,72.57671134192503,0.6198589673414169,5.36687972320071,0.4191689442998154
250,-2397.9045106852573,0.048664939901356,-4.186247612811204,8873,8873,278,19.25521206855774,0.6265128060793695,5.429272847327915,0.4282475971710089,,,,,
251,-2329.6041164958974,0.06813307168082364,-4.195347140627943,8898,8898,279,16.853816032409668,0.6382920110192838,5.094423441985833,0.43574354009978405,,,,,
252,-2395.6590838417237,0.06988400668501013,-4.213055038092398,8483,8483,266,16.01182198524475,0.596655328798186,5.518865206882696,0.4173013983933353,,,,,
253,-2466.359435350424,0.05273486831751854,-4.207079788443317,8819,8819,276,16.56902813911438,0.6141924959216966,5.572891779453644,0.45522354391927455,,,,,
254,-2141.534662645005,0.04632595380218664,-4.188437316736139,8333,8333,261,15.667988777160645,0.6300229621125144,5.140984111793491,0.40878016389236826,,,,,
255,-2427.8794392523832,0.05171312675629063,-4.299529310797348,8967,8967,281,28.62271785736084,0.6203703703703703,5.386791373099993,0.4370533993536336,,,,,
256,-2182.4304070451803,0.09202990942729974,-4.2915896899143355,8097,8097,254,17.18470025062561,0.5945429740791269,5.379809336930042,0.4307713170702307,,,,,
257,-2414.7930486809514,0.049285972168782596,-4.298683487315374,8927,8927,279,17.23420286178589,0.6124794745484401,5.529798329201308,0.4326312666864432,,,,,
258,-2352.028667506518,0.06253939006313845,-4.289205908515257,8709,8709,273,17.603343963623047,0.6094175285792053,5.260525895412765,0.4374058678233628,,,,,
259,-2276.1426668044273,0.05436832069673322,-4.287497739135288,8773,8773,275,18.295042037963867,0.6556766055045872,5.1220210631221885,0.41693744027052854,-2395.4549873481883,76.7859956630911,0.6180731438927197,5.401573537473295,0.41330502294280347
260,-2382.429380954372,0.04245248564031784,-4.311891053746165,8987,8987,281,18.383250951766968,0.6372521641999441,5.221275672037666,0.42158838649374925,,,,,
261,-2516.870187610224,0.054568718014739115,-4.334306666002525,9042,9042,283,19.09505319595337,0.6290059750135796,5.554386379702337,0.46521978594501256,,,,,
262,-2484.9297227156762,0.04970524366139386,-4.331974175083335,9226,9226,289,15.966358661651611,0.6380419580419581,5.419432805267502,0.43130839045912855,,,,,
263,-2357.358998794954,0.0499692693879099,-4.316524223810916,8809,8809,276,15.381691217422485,0.5986413043478261,5.383375929965774,0.4267467728022519,,,,,
264,-2387.7268370305133,0.06426789980410942,-4.334828352385332,8389,8389,263,14.67894983291626,0.5652288965334744,5.553508332314954,0.4549020795783288,,,,,
265,-2455.643336936319,0.04882366452950218,-4.409937226710004,9184,9184,287,15.997676134109497,0.665151945470037,5.342416437119079,0.4295799505824215,,,,,
266,-2448.034351584762,0.047584608048068036,-4.418152957726608,8981,8981,281,15.45737886428833,0.6002699055330635,5.372158622261043,0.43851504634846233,,,,,
267,-2411.91469712008,0.05510262284080721,-4.416993307882626,8907,8907,279,15.53035306930542,0.6105205778141183,5.455744010640406,0.43608730703771165,,,,,
268,-2326.574456705841,0.04557312734713175,-4.425067352664211,8894,8894,278,15.638544082641602,0.6642003414911781,5.138735309363856,0.42115713498942,,,,,
269,-2282.461958890944,0.04434215931052511,-4.42677374530351,8793,8793,275,15.27866792678833,0.6252828054298643,5.371943845436565,0.4127858002406739,-2426.2193545027626,51.56736291228574,0.6149603124405004,5.469753046005706,0.4248022127177169
270,-2457.863745439115,0.05001005369522576,-4.378539153957325,9016,9016,282,32.801915884017944,0.6461710452766909,5.313412979666072,0.4415953158560626,,,,,
271,-2344.6104370240546,0.04148334563526557,-4.383695532179949,8863,8863,277,18.169478178024292,0.6240772288472459,5.268225843674048,0.4080041657368147,,,,,
272,-2275.644450368411,0.04937665611400472,-4.40728456902546,8505,8505,266,14.742614030838013,0.6208637128435222,5.323323186551848,0.4253622008790493,,,,,
273,-2464.4509176857505,0.05536816173402423,-4.401946430078216,8786,8786,275,15.295132160186768,0.6173344235486509,5.493215011619907,0.44612068965517243,,,,,
274,-2251.092437760652,0.05558227203669515,-4.3930701504815195,8391,8391,263,14.433060884475708,0.6016528925619835,5.363141444785993,0.4101001497841346,,,,,
275,-2255.941964119011,0.05830636156282125,-4.4222807340644765,8360,8360,262,14.455605030059814,0.599778883360973,5.394612780503115,0.4206731122982061,,,,,
276,-2371.5220063394518,0.04861540491893727,-4.421009722661531,8878,8878,278,17.1337993144989,0.6277211352989804,5.3713675053163845,0.43244090725836554,,,,,
277,-2405.0943245441285,0.0507568529146203,-4.436052851703825,8691,8691,272,16.3848979473114,0.61003861003861,5.532960467897707,0.4408314129231138,,,,,
278,-2374.8043573773693,0.048905505473799196,-4.408253756290184,8892,8892,278,16.310591220855713,0.6485568760611206,5.297522767026246,0.4249559414092971,,,,,
279,-2378.9655199929966,0.04288054473796173,-4.433741720213625,9102,9102,285,15.79849910736084,0.6525129982668978,5.297562502087381,0.41821813466096264,-2402.5652624185777,48.1187998389893,0.6109836718800409,5.486615406127022,0.42440036247417157
280,-2354.4760172603374,0.04859306138583552,-4.386871185324925,8595,8595,269,15.865684032440186,0.6072908036454018,5.47470857426762,0.43331239530988275,,,,,
281,-2449.7539669849098,0.043228781347582776,-4.408075514926186,9085,9085,284,16.03919792175293,0.6156684643769514,5.460472954717034,0.4131575003746441,,,,,
282,-2325.6060866822536,0.04588922926563431,-4.4026918129102715,8788,8788,275,15.05766487121582,0.6161228406909789,5.371291281672366,0.42110974032730353,,,,,
283,-2259.7851715463594,0.05861227165837333,-4.397973201469816,8451,8451,265,14.546966075897217,0.6034288926363125,5.433986517743388,0.4371939750983166,,,,,
284,-2426.8623979441213,0.05775881287757389,-4.400829105761241,8741,8741,274,15.297233819961548,0.599614218793056,5.6256280598332395,0.42335745338475095,,,,,
285,-2418.480789083324,0.0494253003865936,-4.421551589414632,8876,8876,278,15.41546106338501,0.6134952766531714,5.512819304408559,0.445732208199537,,,,,
286,-2310.405166993616,0.047543440989641195,-4.409589911969723,8640,8640,270,14.957229137420654,0.6355244755244756,5.3197640886101025,0.4234780464455114,,,,,
287,-2465.3076578336,0.05127887928392738,-4.428405929424761,8827,8827,276,15.252020359039307,0.5897504695465522,5.487819691631469,0.4443191931177692,,,,,
288,-2447.8450739441464,0.054940919808821,-4.423972834929085,8575,8575,268,15.12231993675232,0.5901856763925729,5.568265407927218,0.4628594487953608,,,,,
289,-2370.244075139772,0.05381387758397443,-4.417137565184546,8685,8685,272,15.052596092224121,0.5836279575741093,5.549613648047495,0.4159875767211418,-2420.7205109477736,60.9617834276699,0.6089434040921374,5.488718775142387,0.4238809460539453
290,-2336.0344529719114,0.06096369850848912,-4.4775283160667865,8346,8346,261,14.485357999801636,0.6077836047474469,5.529295610510614,0.44230071806774496,,,,,
291,-2474.341104655124,0.048188344575464725,-4.467196963773651,9197,9197,288,16.124786138534546,0.6469439017583031,5.246945148917947,0.43605121683334297,,,,,
292,-2488.5788809832907,0.04483367040666053,-4.4379958807418864,9209,9209,288,16.09193229675293,0.6092806150466776,5.4747883005591795,0.4240729447113597,,,,,
293,-2252.775730376023,0.04369272467048064,-4.455467564124591,8766,8766,274,15.170026063919067,0.6683982683982684,5.125910634449803,0.4155262288725821,,,,,
294,-2405.74686895868,0.06026717697557829,-4.469317437179848,8678,8678,272,14.924431800842285,0.6092460099064392,5.3752337852797965,0.45374588426322676,,,,,
295,-2307.269461385506,0.0719987754353125,-4.473274217396258,8738,8738,274,16.080496072769165,0.6200848656294201,5.402966966530573,0.41210778024028927,,,,,
296,-2570.75902702101,0.05683439893654541,-4.493453658814366,9127,9127,286,15.93142294883728,0.5840257303671937,5.622127657032963,0.43482146847209185,,,,,
297,-2280.7450957368114,0.05685892413076396,-4.485124263054055,8389,8389,263,14.539719820022583,0.5889888252929953,5.463077707097391,0.4076323152943978,,,,,
298,-2256.3388716762884,0.05386862859147816,-4.492837164443352,8304,8304,260,14.261199951171875,0.5992152466367713,5.443079888259278,0.410926505369236,,,,,
299,-2541.33220021582,0.04559965306976778,-4.48657610762978,9246,9246,289,16.65084481239319,0.6117006802721089,5.401709224639121,0.4389599204051024,-2412.2958409046346,27.925188261431405,0.6127696148178896,5.439977275852034,0.42250692249139493
